{"title": "Gut Mucosal Microbiome Is Perturbed in Rheumatoid Arthritis Mice and Partly Restored after TDAG8 Deficiency or Suppression by Salicylanilide Derivative", "url": "https://www.mdpi.com/1422-0067/23/7/3527", "authors": ["Nguyen, Ngoc Tuan", "Sun, Wei-Hsin", "Chen, Tzu-Hsuan", "Tsai, Po-Chun", "Chen, Chih-Chen", "Huang, Shir-Ly"], "journal": {"abbrev": "ijms", "title": "International Journal of Molecular Sciences", "volume": 23, "issue": 7}, "publication_date": {"year": 2022, "month": 1}, "retracted": false, "keywords": ["rheumatoid arthritis", "pain", "T-cell death-associated gene 8", "microbiome", "microbial diversity"], "fulltext_pdf_url": "https://www.mdpi.com/1422-0067/23/7/3527/pdf", "fulltext_xml_url": "https://www.mdpi.com/1422-0067/23/7/3527/xml", "fulltext_html_url": "https://www.mdpi.com/1422-0067/23/7/3527/htm", "doi": "https://doi.org/10.3390/ijms23073527", "doi_registered": false, "has_reviews": false}