{"title": "Acoustic Emission Source Location Using Finite Element Generated Delta-T Mapping", "url": "https://www.mdpi.com/1424-8220/22/7/2493", "authors": ["Yang, Han", "Wang, Bin", "Grigg, Stephen", "Zhu, Ling", "Liu, Dandan", "Marks, Ryan"], "journal": {"abbrev": "sensors", "title": "Sensors", "volume": 22, "issue": 7}, "publication_date": {"year": 2022, "month": 1}, "retracted": false, "keywords": ["Acoustic Emission", "Non-Destructive Evaluation", "Structural Health Monitoring", "delta-T mapping", "finite element", "Hsu-Nielsen sources", "source location", "complex plate"], "fulltext_pdf_url": "https://www.mdpi.com/1424-8220/22/7/2493/pdf", "fulltext_xml_url": "https://www.mdpi.com/1424-8220/22/7/2493/xml", "fulltext_html_url": "https://www.mdpi.com/1424-8220/22/7/2493/htm", "doi": "https://doi.org/10.3390/s22072493", "doi_registered": false, "has_reviews": false}