{"title": "The Oneiric Activity during and after the COVID-19 Total Lockdown in Italy: A Longitudinal Study", "url": "https://www.mdpi.com/1660-4601/19/7/3857", "authors": ["Gorgoni, Maurizio", "Scarpelli, Serena", "Alfonsi, Valentina", "Annarumma, Ludovica", "Pellegrini, Elisa", "Fasiello, Elisabetta", "Cordone, Susanna", "D’Atri, Aurora", "Salfi, Federico", "Amicucci, Giulia", "Ferrara, Michele", "Pazzaglia, Mariella", "De Gennaro, Luigi"], "journal": {"abbrev": "ijerph", "title": "International Journal of Environmental Research and Public Health", "volume": 19, "issue": 7}, "publication_date": {"year": 2022, "month": 1}, "retracted": false, "keywords": ["dreams", "COVID-19", "lockdown", "pandemic", "continuity hypothesis", "emotions", "sleep", "PTSD", "disruptive nocturnal behaviors"], "fulltext_pdf_url": "https://www.mdpi.com/1660-4601/19/7/3857/pdf", "fulltext_xml_url": "https://www.mdpi.com/1660-4601/19/7/3857/xml", "fulltext_html_url": "https://www.mdpi.com/1660-4601/19/7/3857/htm", "doi": "https://doi.org/10.3390/ijerph19073857", "doi_registered": false, "has_reviews": false}