{"title": "Tests and Numerical Study of Single-Lap Thermoplastic Composite Joints Bolted by Countersunk", "url": "https://www.mdpi.com/1996-1944/15/7/2386", "authors": ["Zhang, Jian", "Chen, Xiuhua", "Tian, Aiqin", "Fan, Yin"], "journal": {"abbrev": "materials", "title": "Materials", "volume": 15, "issue": 7}, "publication_date": {"year": 2022, "month": 1}, "retracted": false, "keywords": ["thermoplastic composite", "single-lap countersunk bolted joint", "3D elastoplastic damage model", "bolt-tightening torque", "clearance"], "fulltext_pdf_url": "https://www.mdpi.com/1996-1944/15/7/2386/pdf", "fulltext_xml_url": "https://www.mdpi.com/1996-1944/15/7/2386/xml", "fulltext_html_url": "https://www.mdpi.com/1996-1944/15/7/2386/htm", "doi": "https://doi.org/10.3390/ma15072386", "doi_registered": false, "has_reviews": false}