{"title": "Experimental Investigation of the Hydrodynamic Performance of Land-Fixed Nearshore and Onshore Oscillating Water Column Systems with a Thick Front Wall", "url": "https://www.mdpi.com/1996-1073/15/7/2364", "authors": ["Medina Rodríguez, Ayrton Alfonso", "Posada Vanegas, Gregorio", "Silva Casarín, Rodolfo", "Mendoza Baldwin, Edgar Gerardo", "Vega Serratos, Beatriz Edith", "Puc Cutz, Felipe Ernesto", "Mangas Che, Enrique Alejandro"], "journal": {"abbrev": "energies", "title": "Energies", "volume": 15, "issue": 7}, "publication_date": {"year": 2022, "month": 1}, "retracted": false, "keywords": ["wave energy conversion", "oscillating water column", "wave energy converter", "wave basin", "oblique waves", "hydrodynamic performance"], "fulltext_pdf_url": "https://www.mdpi.com/1996-1073/15/7/2364/pdf", "fulltext_xml_url": "https://www.mdpi.com/1996-1073/15/7/2364/xml", "fulltext_html_url": "https://www.mdpi.com/1996-1073/15/7/2364/htm", "doi": "https://doi.org/10.3390/en15072364", "doi_registered": false, "has_reviews": false}