{"title": "Exhaust Gas Temperature Pulsations of a Gasoline Engine and Its Stabilization Using Thermal Energy Storage System to Reduce Emissions", "url": "https://www.mdpi.com/1996-1073/15/7/2365", "authors": ["Bohm, Michael", "Stetina, Josef", "Svida, David"], "journal": {"abbrev": "energies", "title": "Energies", "volume": 15, "issue": 7}, "publication_date": {"year": 2022, "month": 1}, "retracted": false, "keywords": ["gasoline", "combustion engine", "PCM material", "thermal energy storage system", "exhaust gas temperature", "temperature pulsations"], "fulltext_pdf_url": "https://www.mdpi.com/1996-1073/15/7/2365/pdf", "fulltext_xml_url": "https://www.mdpi.com/1996-1073/15/7/2365/xml", "fulltext_html_url": "https://www.mdpi.com/1996-1073/15/7/2365/htm", "doi": "https://doi.org/10.3390/en15072365", "doi_registered": false, "has_reviews": true, "reviews_url": "https://www.mdpi.com/1996-1073/15/7/2365/review_report"}