{"title": "Compressive Strength of Stabilised Granitic Residual Soil Using Mixture of Pineapple Fibre&mdash;Hydrated Lime", "url": "https://www.mdpi.com/2071-1050/14/7/3826", "authors": ["Md Yusof, Zeety", "Al-Adhami, Abdullah Mahgoob Yahya", "Mohd Matore, Mohd Effendi Ewan"], "journal": {"abbrev": "sustainability", "title": "Sustainability", "volume": 14, "issue": 7}, "publication_date": {"year": 2022, "month": 1}, "retracted": false, "keywords": ["granitic residual soil (GRS)", "unconfined compressive strength (UCS)", "pineapple (PA) fibre", "hydrated lime (HL)"], "fulltext_pdf_url": "https://www.mdpi.com/2071-1050/14/7/3826/pdf", "fulltext_xml_url": "https://www.mdpi.com/2071-1050/14/7/3826/xml", "fulltext_html_url": "https://www.mdpi.com/2071-1050/14/7/3826/htm", "doi": "https://doi.org/10.3390/su14073826", "doi_registered": false, "has_reviews": true, "reviews_url": "https://www.mdpi.com/2071-1050/14/7/3826/review_report"}