{"title": "Analysis of Decisive Elements in the Purchase of Alternative Foods Using Bivariate Probit Model", "url": "https://www.mdpi.com/2071-1050/14/7/3822", "authors": ["Seo, Hwanseok", "Hwang, Jaehyun"], "journal": {"abbrev": "sustainability", "title": "Sustainability", "volume": 14, "issue": 7}, "publication_date": {"year": 2022, "month": 1}, "retracted": false, "keywords": ["bivariate probit model", "alternative food", "selection attributes", "purchase intention", "purchase preference"], "fulltext_pdf_url": "https://www.mdpi.com/2071-1050/14/7/3822/pdf", "fulltext_xml_url": "https://www.mdpi.com/2071-1050/14/7/3822/xml", "fulltext_html_url": "https://www.mdpi.com/2071-1050/14/7/3822/htm", "doi": "https://doi.org/10.3390/su14073822", "doi_registered": false, "has_reviews": true, "reviews_url": "https://www.mdpi.com/2071-1050/14/7/3822/review_report"}