{"title": "The Impact of Consumer Participation Certification on the Trust of Eco-Agricultural Products Based on the Mediating Effects of Information and Identity", "url": "https://www.mdpi.com/2071-1050/14/7/3825", "authors": ["Ge, Wenguang", "Bai, Xinyu", "Zhang, Zheng", "Gao, Qianqian"], "journal": {"abbrev": "sustainability", "title": "Sustainability", "volume": 14, "issue": 7}, "publication_date": {"year": 2022, "month": 1}, "retracted": false, "keywords": ["participatory guarantee system", "consumer participation", "social identity", "information quality", "trust mechanism", "two-factor intermediary analysis model"], "fulltext_pdf_url": "https://www.mdpi.com/2071-1050/14/7/3825/pdf", "fulltext_xml_url": "https://www.mdpi.com/2071-1050/14/7/3825/xml", "fulltext_html_url": "https://www.mdpi.com/2071-1050/14/7/3825/htm", "doi": "https://doi.org/10.3390/su14073825", "doi_registered": false, "has_reviews": false}