{"title": "The Role of Simultaneous Integrated Boost in Locally Advanced Rectal Cancer Patients with Positive Lateral Pelvic Lymph Nodes", "url": "https://www.mdpi.com/2072-6694/14/7/1643", "authors": ["Meldolesi, Elisa", "Chiloiro, Giuditta", "Giannini, Roberta", "Menghi, Roberta", "Persiani, Roberto", "Corvari, Barbara", "Coco, Claudio", "Manfrida, Stefania", "Ratto, Carlo", "De Luca, Viola", "Sofo, Luigi", "Reina, Sara", "Crucitti, Antonio", "Masiello, Valeria", "Dinapoli, Nicola", "Valentini, Vincenzo", "Gambacorta, Maria Antonietta"], "journal": {"abbrev": "cancers", "title": "Cancers", "volume": 14, "issue": 7}, "publication_date": {"year": 2022, "month": 1}, "retracted": false, "keywords": ["locally advanced rectal cancer", "lateral pelvic positive nodes", "radiotherapy", "simultaneous integrated boost", "chemoradiotherapy"], "fulltext_pdf_url": "https://www.mdpi.com/2072-6694/14/7/1643/pdf", "fulltext_xml_url": "https://www.mdpi.com/2072-6694/14/7/1643/xml", "fulltext_html_url": "https://www.mdpi.com/2072-6694/14/7/1643/htm", "doi": "https://doi.org/10.3390/cancers14071643", "doi_registered": false, "has_reviews": false}