{"title": "Impact on Glucose Homeostasis: Is Food Biofortified with Molybdenum a Workable Solution? A Two-Arm Study", "url": "https://www.mdpi.com/2072-6643/14/7/1351", "authors": ["Vasto, Sonya", "Di Gaudio, Francesca", "Raso, Maria", "Sabatino, Leo", "Caldarella, Rosalia", "De Pasquale, Claudio", "Di Rosa, Luigi", "Baldassano, Sara"], "journal": {"abbrev": "nutrients", "title": "Nutrients", "volume": 14, "issue": 7}, "publication_date": {"year": 2022, "month": 1}, "retracted": false, "keywords": ["biofortification", "lettuce", "human heath", "minerals", "gut peptides", "GIP", "PYY"], "fulltext_pdf_url": "https://www.mdpi.com/2072-6643/14/7/1351/pdf", "fulltext_xml_url": "https://www.mdpi.com/2072-6643/14/7/1351/xml", "fulltext_html_url": "https://www.mdpi.com/2072-6643/14/7/1351/htm", "doi": "https://doi.org/10.3390/nu14071351", "doi_registered": false, "has_reviews": true, "reviews_url": "https://www.mdpi.com/2072-6643/14/7/1351/review_report"}