{"title": "The Landscape of Novel Expressed Chimeric RNAs in Rheumatoid Arthritis", "url": "https://www.mdpi.com/2073-4409/11/7/1092", "authors": ["Detroja, Rajesh", "Mukherjee, Sumit", "Frenkel-Morgenstern, Milana"], "journal": {"abbrev": "cells", "title": "Cells", "volume": 11, "issue": 7}, "publication_date": {"year": 2022, "month": 1}, "retracted": false, "keywords": ["autoimmunity", "chimeric RNA", "fusion gene", "rheumatoid arthritis"], "fulltext_pdf_url": "https://www.mdpi.com/2073-4409/11/7/1092/pdf", "fulltext_xml_url": "https://www.mdpi.com/2073-4409/11/7/1092/xml", "fulltext_html_url": "https://www.mdpi.com/2073-4409/11/7/1092/htm", "doi": "https://doi.org/10.3390/cells11071092", "doi_registered": false, "has_reviews": false}