{"title": "One-Pot Green Preparation of Fluorescent Cellulose Nanofibers", "url": "https://www.mdpi.com/2073-4360/14/7/1313", "authors": ["Lu, Qilin", "Wu, Jiayin", "Wang, Hanchen", "Huang, Biao"], "journal": {"abbrev": "polymers", "title": "Polymers", "volume": 14, "issue": 7}, "publication_date": {"year": 2022, "month": 1}, "retracted": false, "keywords": ["fluorescent cellulose nanofibers", "high yield", "one-pot", "green preparation", "chloride ion detection"], "fulltext_pdf_url": "https://www.mdpi.com/2073-4360/14/7/1313/pdf", "fulltext_xml_url": "https://www.mdpi.com/2073-4360/14/7/1313/xml", "fulltext_html_url": "https://www.mdpi.com/2073-4360/14/7/1313/htm", "doi": "https://doi.org/10.3390/polym14071313", "doi_registered": false, "has_reviews": false}