{"title": "Preparation and Catalytic Hydrodechlorination Property of Nano Bimetallic Catalyst Pd&ndash;Ni/&gamma;Al2O3&ndash;SiO2", "url": "https://www.mdpi.com/2073-4344/12/4/370", "authors": ["Liao, Yalong", "Wang, Yiyang", "Zhang, Yu"], "journal": {"abbrev": "catalysts", "title": "Catalysts", "volume": 12, "issue": 4}, "publication_date": {"year": 2022, "month": 4}, "retracted": false, "keywords": ["bimetallic catalyst", "ultrasonic enhancement", "catalytic hydrodechlorination", "nanomaterials"], "fulltext_pdf_url": "https://www.mdpi.com/2073-4344/12/4/370/pdf", "fulltext_xml_url": "https://www.mdpi.com/2073-4344/12/4/370/xml", "fulltext_html_url": "https://www.mdpi.com/2073-4344/12/4/370/htm", "doi": "https://doi.org/10.3390/catal12040370", "doi_registered": false, "has_reviews": true, "reviews_url": "https://www.mdpi.com/2073-4344/12/4/370/review_report"}