{"title": "A Bimodal Model Based on Truncation Positive Normal with Application to Height Data", "url": "https://www.mdpi.com/2073-8994/14/4/665", "authors": ["Gómez, Héctor J.", "Caimanque, Wilson E.", "Gómez, Yolanda M.", "Magalhães, Tiago M.", "Concha, Miguel", "Gallardo, Diego I."], "journal": {"abbrev": "symmetry", "title": "Symmetry", "volume": 14, "issue": 4}, "publication_date": {"year": 2022, "month": 4}, "retracted": false, "keywords": ["bimodal distribution", "unimodal distribution", "tpn package", "maximum likelihood estimation", "asymmetric"], "fulltext_pdf_url": "https://www.mdpi.com/2073-8994/14/4/665/pdf", "fulltext_xml_url": "https://www.mdpi.com/2073-8994/14/4/665/xml", "fulltext_html_url": "https://www.mdpi.com/2073-8994/14/4/665/htm", "doi": "https://doi.org/10.3390/sym14040665", "doi_registered": false, "has_reviews": false}