{"title": "Durability and Degradation of PVC-P Roofing Membrane&mdash;Example of Dynamic Fatigue Testing", "url": "https://www.mdpi.com/2073-4360/14/7/1312", "authors": ["Ivanič, Andrej", "Lubej, Samo"], "journal": {"abbrev": "polymers", "title": "Polymers", "volume": 14, "issue": 7}, "publication_date": {"year": 2022, "month": 1}, "retracted": false, "keywords": ["environmental impact of polymers", "durability", "polymer degradation"], "fulltext_pdf_url": "https://www.mdpi.com/2073-4360/14/7/1312/pdf", "fulltext_xml_url": "https://www.mdpi.com/2073-4360/14/7/1312/xml", "fulltext_html_url": "https://www.mdpi.com/2073-4360/14/7/1312/htm", "doi": "https://doi.org/10.3390/polym14071312", "doi_registered": false, "has_reviews": true, "reviews_url": "https://www.mdpi.com/2073-4360/14/7/1312/review_report"}