{"title": "Development of Necrobia ruficollis (Fabricius) (Coleoptera: Cleridae) under Different Constant Temperatures", "url": "https://www.mdpi.com/2075-4450/13/4/319", "authors": ["Wang, Yinghui", "Li, Liangliang", "Hu, Gengwang", "Kang, Chengtao", "Guo, Yi", "Zhang, Yanan", "Wang, Yu", "Wang, Jiangfeng"], "journal": {"abbrev": "insects", "title": "Insects", "volume": 13, "issue": 4}, "publication_date": {"year": 2022, "month": 4}, "retracted": false, "keywords": ["forensic entomology", "in vivo measurement", "Necrobia ruficollis", "development", "instar determination"], "fulltext_pdf_url": "https://www.mdpi.com/2075-4450/13/4/319/pdf", "fulltext_xml_url": "https://www.mdpi.com/2075-4450/13/4/319/xml", "fulltext_html_url": "https://www.mdpi.com/2075-4450/13/4/319/htm", "doi": "https://doi.org/10.3390/insects13040319", "doi_registered": false, "has_reviews": false}