{"title": "Geologic Carbon Storage of Anthropogenic CO2 under the Colorado Plateau in Emery County, Utah", "url": "https://www.mdpi.com/2075-163X/12/4/398", "authors": ["Moodie, Nathan", "Jia, Wei", "Middleton, Richard", "Yaw, Sean", "Lee, Si-Yong", "Xiao, Ting", "Wheatley, David", "Steele, Peter", "Esser, Rich", "McPherson, Brian"], "journal": {"abbrev": "minerals", "title": "Minerals", "volume": 12, "issue": 4}, "publication_date": {"year": 2022, "month": 4}, "retracted": false, "keywords": ["carbon capture and sequestration", "geologic carbon storage", "numerical simulation", "carbon dioxide", "multiphase flow"], "fulltext_pdf_url": "https://www.mdpi.com/2075-163X/12/4/398/pdf", "fulltext_xml_url": "https://www.mdpi.com/2075-163X/12/4/398/xml", "fulltext_html_url": "https://www.mdpi.com/2075-163X/12/4/398/htm", "doi": "https://doi.org/10.3390/min12040398", "doi_registered": false, "has_reviews": true, "reviews_url": "https://www.mdpi.com/2075-163X/12/4/398/review_report"}