{"title": "Characterization and Optimization of a Conical Corona Reactor for Seed Treatment of Rapeseed", "url": "https://www.mdpi.com/2076-3417/12/7/3292", "authors": ["Nishime, Thalita M. C.", "Werner, Jasmin", "Wannicke, Nicola", "Mui, Taiana S. M.", "Kostov, Konstantin G.", "Weltmann, Klaus-Dieter", "Brust, Henrike"], "journal": {"abbrev": "applsci", "title": "Applied Sciences", "volume": 12, "issue": 7}, "publication_date": {"year": 2022, "month": 1}, "retracted": false, "keywords": ["plasma agriculture", "corona discharge", "plasma source", "non-thermal plasma (NTP)", "rapeseed", "seed", "germination acceleration"], "fulltext_pdf_url": "https://www.mdpi.com/2076-3417/12/7/3292/pdf", "fulltext_xml_url": "https://www.mdpi.com/2076-3417/12/7/3292/xml", "fulltext_html_url": "https://www.mdpi.com/2076-3417/12/7/3292/htm", "doi": "https://doi.org/10.3390/app12073292", "doi_registered": false, "has_reviews": false}