{"title": "Lightweight Ensemble Network for Detecting Heart Disease Using ECG Signals", "url": "https://www.mdpi.com/2076-3417/12/7/3291", "authors": ["Shin, Siho", "Kang, Mingu", "Zhang, Gengjia", "Jung, Jaehyo", "Kim, Youn Tae"], "journal": {"abbrev": "applsci", "title": "Applied Sciences", "volume": 12, "issue": 7}, "publication_date": {"year": 2022, "month": 1}, "retracted": false, "keywords": ["ensemble network", "MobileNetV2", "BiLSTM", "matching pursuit", "arrhythmia"], "fulltext_pdf_url": "https://www.mdpi.com/2076-3417/12/7/3291/pdf", "fulltext_xml_url": "https://www.mdpi.com/2076-3417/12/7/3291/xml", "fulltext_html_url": "https://www.mdpi.com/2076-3417/12/7/3291/htm", "doi": "https://doi.org/10.3390/app12073291", "doi_registered": false, "has_reviews": false}