{"title": "Guilt, Psychological Well-Being and Religiosity in Contemporary Cinema", "url": "https://www.mdpi.com/2077-1444/13/4/277", "authors": ["Moreno Martín, Florentino", "Fernández-Villanueva, Icíar", "Ayllón Alonso, Elena", "Medina Marina, José Ángel"], "journal": {"abbrev": "religions", "title": "Religions", "volume": 13, "issue": 4}, "publication_date": {"year": 2022, "month": 4}, "retracted": false, "keywords": ["spirituality", "religiosity", "psychological well-being", "guilt"], "fulltext_pdf_url": "https://www.mdpi.com/2077-1444/13/4/277/pdf", "fulltext_xml_url": "https://www.mdpi.com/2077-1444/13/4/277/xml", "fulltext_html_url": "https://www.mdpi.com/2077-1444/13/4/277/htm", "doi": "https://doi.org/10.3390/rel13040277", "doi_registered": false, "has_reviews": true, "reviews_url": "https://www.mdpi.com/2077-1444/13/4/277/review_report"}