{"title": "Macular Blood Flow and Pattern Electroretinogram in Normal Tension Glaucoma", "url": "https://www.mdpi.com/2077-0383/11/7/1790", "authors": ["Jeon, Soo Ji", "Jung, Kyoung In", "Park, Chan Kee", "Park, Hae-Young Lopilly"], "journal": {"abbrev": "jcm", "title": "Journal of Clinical Medicine", "volume": 11, "issue": 7}, "publication_date": {"year": 2022, "month": 1}, "retracted": false, "keywords": ["normal tension glaucoma", "pattern electroretinogram", "optical coherence tomography angiography", "macular vessel density"], "fulltext_pdf_url": "https://www.mdpi.com/2077-0383/11/7/1790/pdf", "fulltext_xml_url": "https://www.mdpi.com/2077-0383/11/7/1790/xml", "fulltext_html_url": "https://www.mdpi.com/2077-0383/11/7/1790/htm", "doi": "https://doi.org/10.3390/jcm11071790", "doi_registered": false, "has_reviews": false}