{"title": "Multiple Imputation of Missing Data in Educational Production Functions", "url": "https://www.mdpi.com/2079-3197/10/4/49", "authors": ["Elasra, Amira"], "journal": {"abbrev": "computation", "title": "Computation", "volume": 10, "issue": 4}, "publication_date": {"year": 2022, "month": 4}, "retracted": false, "keywords": ["missing data analysis", "multiple imputation", "Markov chain Monte Carlo (MCMC) simulation", "fully conditional specification", "Gibbs sampler algorithm", "educational production functions"], "fulltext_pdf_url": "https://www.mdpi.com/2079-3197/10/4/49/pdf", "fulltext_xml_url": "https://www.mdpi.com/2079-3197/10/4/49/xml", "fulltext_html_url": "https://www.mdpi.com/2079-3197/10/4/49/htm", "doi": "https://doi.org/10.3390/computation10040049", "doi_registered": false, "has_reviews": false}