{"title": "Accuracy Issues for Spatial Update of Digital Cadastral Maps", "url": "https://www.mdpi.com/2220-9964/11/4/221", "authors": ["Pullar, David", "Donaldson, Stephen"], "journal": {"abbrev": "ijgi", "title": "ISPRS International Journal of Geo-Information", "volume": 11, "issue": 4}, "publication_date": {"year": 2022, "month": 4}, "retracted": false, "keywords": ["cadastral", "parcel maps", "spatial adjustment", "land administration"], "fulltext_pdf_url": "https://www.mdpi.com/2220-9964/11/4/221/pdf", "fulltext_xml_url": "https://www.mdpi.com/2220-9964/11/4/221/xml", "fulltext_html_url": "https://www.mdpi.com/2220-9964/11/4/221/htm", "doi": "https://doi.org/10.3390/ijgi11040221", "doi_registered": false, "has_reviews": false}