{"title": "Parameterization-Driven Uncertainties in Single-Forcing, Single-Model Wave Climate Projections from a CMIP6-Derived Dynamic Ensemble", "url": "https://www.mdpi.com/2225-1154/10/4/51", "authors": ["Kumar, Rajesh", "Lemos, Gil", "Semedo, Alvaro", "Alsaaq, Faisal"], "journal": {"abbrev": "climate", "title": "Climate", "volume": 10, "issue": 4}, "publication_date": {"year": 2022, "month": 4}, "retracted": false, "keywords": ["model uncertainty", "wave climate", "ensemble", "EC-Earth", "WW3", "CMIP6"], "fulltext_pdf_url": "https://www.mdpi.com/2225-1154/10/4/51/pdf", "fulltext_xml_url": "https://www.mdpi.com/2225-1154/10/4/51/xml", "fulltext_html_url": "https://www.mdpi.com/2225-1154/10/4/51/htm", "doi": "https://doi.org/10.3390/cli10040051", "doi_registered": false, "has_reviews": false}