{"title": "Perceptual Categorization of H&ntilde;&auml;&ntilde;ho-Specific Vowel Contrasts by H&ntilde;&auml;&ntilde;ho Heritage Speakers in Mexico", "url": "https://www.mdpi.com/2226-471X/7/2/73", "authors": ["Mulík, Stanislav", "Carrasco-Ortíz, Haydée", "Amengual, Mark"], "journal": {"abbrev": "languages", "title": "Languages", "volume": 7, "issue": 2}, "publication_date": {"year": 2022, "month": 6}, "retracted": false, "keywords": ["vowel perception", "heritage language", "minority language", "language dominance", "language shift", "language loss", "endangered language", "Otomi", "Spanish", "Indigenous bilingualism"], "fulltext_pdf_url": "https://www.mdpi.com/2226-471X/7/2/73/pdf", "fulltext_xml_url": "https://www.mdpi.com/2226-471X/7/2/73/xml", "fulltext_html_url": "https://www.mdpi.com/2226-471X/7/2/73/htm", "doi": "https://doi.org/10.3390/languages7020073", "doi_registered": false, "has_reviews": false}