{"title": "Evaluation and Improvement of the Performance of a Wellhead Multistage Bundle Gas&ndash;Liquid Separator", "url": "https://www.mdpi.com/2227-9717/10/4/632", "authors": ["Zhuge, Xianglong", "Qi, Xiangdong", "Wang, Shanzhe", "Liu, Yang"], "journal": {"abbrev": "processes", "title": "Processes", "volume": 10, "issue": 4}, "publication_date": {"year": 2022, "month": 4}, "retracted": false, "keywords": ["gas–liquid separation", "gas–liquid cylindrical cyclone", "separation performance", "flow field characteristic", "numerical simulation"], "fulltext_pdf_url": "https://www.mdpi.com/2227-9717/10/4/632/pdf", "fulltext_xml_url": "https://www.mdpi.com/2227-9717/10/4/632/xml", "fulltext_html_url": "https://www.mdpi.com/2227-9717/10/4/632/htm", "doi": "https://doi.org/10.3390/pr10040632", "doi_registered": false, "has_reviews": false}