{"title": "Tasting More Than Just Food: Effect of Aesthetic Appeal of Plate Patterns on Food Perception", "url": "https://www.mdpi.com/2304-8158/11/7/931", "authors": ["Zhang, Siyue", "Qian, Jinzi", "Wu, Chenjing", "He, Dexian", "Zhang, Wei", "Yan, Jing", "He, Xianyou"], "journal": {"abbrev": "foods", "title": "Foods", "volume": 11, "issue": 7}, "publication_date": {"year": 2022, "month": 1}, "retracted": false, "keywords": ["aesthetic", "plate pattern", "plating", "food and health"], "fulltext_pdf_url": "https://www.mdpi.com/2304-8158/11/7/931/pdf", "fulltext_xml_url": "https://www.mdpi.com/2304-8158/11/7/931/xml", "fulltext_html_url": "https://www.mdpi.com/2304-8158/11/7/931/htm", "doi": "https://doi.org/10.3390/foods11070931", "doi_registered": false, "has_reviews": false}