{"title": "Characterisation of Lactobacillus plantarum of Dairy-Product Origin for Probiotic Ch&egrave;vre Cheese Production", "url": "https://www.mdpi.com/2304-8158/11/7/934", "authors": ["Ngamsomchat, Achirawit", "Kaewkod, Thida", "Konkit, Maytiya", "Tragoolpua, Yingmanee", "Bovonsombut, Sakunnee", "Chitov, Thararat"], "journal": {"abbrev": "foods", "title": "Foods", "volume": 11, "issue": 7}, "publication_date": {"year": 2022, "month": 1}, "retracted": false, "keywords": ["probiotic", "functional food", "lactic acid bacteria", "dairy", "fermented food", "goat cheese", "fresh cheese"], "fulltext_pdf_url": "https://www.mdpi.com/2304-8158/11/7/934/pdf", "fulltext_xml_url": "https://www.mdpi.com/2304-8158/11/7/934/xml", "fulltext_html_url": "https://www.mdpi.com/2304-8158/11/7/934/htm", "doi": "https://doi.org/10.3390/foods11070934", "doi_registered": false, "has_reviews": false}