{"title": "Impact of Al2O3 in Electrically Conducting Mineral Oil-Based Maxwell Nanofluid: Application to the Petroleum Industry", "url": "https://www.mdpi.com/2504-3110/6/4/180", "authors": ["Hanif, Hanifa", "Shafie, Sharidan"], "journal": {"abbrev": "fractalfract", "title": "Fractal and Fractional", "volume": 6, "issue": 4}, "publication_date": {"year": 2022, "month": 4}, "retracted": false, "keywords": ["Maxwell fluid", "fractional derivative", "nanofluid", "Crank–Nicolson method"], "fulltext_pdf_url": "https://www.mdpi.com/2504-3110/6/4/180/pdf", "fulltext_xml_url": "https://www.mdpi.com/2504-3110/6/4/180/xml", "fulltext_html_url": "https://www.mdpi.com/2504-3110/6/4/180/htm", "doi": "https://doi.org/10.3390/fractalfract6040180", "doi_registered": false, "has_reviews": false}